{"batch loss": NaN, "_timestamp": 1707338048.4298568, "_runtime": 11.031572818756104, "_step": 59, "loss": NaN, "epoch": 0, "_wandb": {"runtime": 10}}