{"batch loss": NaN, "_timestamp": 1707338177.346928, "_runtime": 11.13992977142334, "_step": 47, "loss": NaN, "epoch": 0, "_wandb": {"runtime": 10}}