{"batch loss": NaN, "_timestamp": 1707340978.1055324, "_runtime": 356.6977684497833, "_step": 2399, "loss": NaN, "epoch": 49, "_wandb": {"runtime": 356}}