{"batch loss": NaN, "_timestamp": 1707339917.7084038, "_runtime": 340.74488377571106, "_step": 999, "loss": NaN, "epoch": 49, "_wandb": {"runtime": 340}}