{"batch loss": NaN, "_timestamp": 1707339195.46459, "_runtime": 350.29042506217957, "_step": 949, "loss": NaN, "epoch": 49, "_wandb": {"runtime": 349}}