{"batch loss": NaN, "_timestamp": 1707339570.9794035, "_runtime": 359.68392848968506, "_step": 749, "loss": NaN, "epoch": 49, "_wandb": {"runtime": 355}}