{"batch loss": NaN, "_timestamp": 1707407056.7137005, "_runtime": 155.1846535205841, "_step": 421, "loss": NaN, "epoch": 21}