{"batch loss": NaN, "_timestamp": 1707414398.5605445, "_runtime": 152.5618236064911, "_step": 536, "loss": NaN, "epoch": 18, "_wandb": {"runtime": 147}}