{"batch loss": NaN, "_timestamp": 1707338213.9617467, "_runtime": 10.916684627532959, "_step": 47, "loss": NaN, "epoch": 0, "_wandb": {"runtime": 10}}