{"batch loss": NaN, "_timestamp": 1707420627.1968083, "_runtime": 1891.2078773975372, "_step": 11949, "loss": NaN, "epoch": 49, "_wandb": {"runtime": 30}}