{"batch loss": NaN, "_timestamp": 1707415645.3124335, "_runtime": 365.5697855949402, "_step": 1499, "loss": NaN, "epoch": 49, "_wandb": {"runtime": 38}}