{"batch loss": NaN, "_timestamp": 1707414236.4323697, "_runtime": 360.08344769477844, "_step": 799, "loss": NaN, "epoch": 49, "_wandb": {"runtime": 359}}