{"batch loss": NaN, "_timestamp": 1707416437.6256268, "_runtime": 107.98440480232239, "_step": 239, "loss": NaN, "epoch": 1}