{"batch loss": NaN, "_timestamp": 1707397946.9097326, "_runtime": 363.0384135246277, "_step": 2999, "loss": NaN, "epoch": 49, "_wandb": {"runtime": 362}}