{"batch loss": NaN, "_timestamp": 1707415723.6763897, "_runtime": 54.72695469856262, "_step": 391, "loss": NaN, "epoch": 0, "_wandb": {"runtime": 22}}