{"batch loss": NaN, "_timestamp": 1707338194.0610802, "_runtime": 10.745546102523804, "_step": 18, "loss": NaN, "epoch": 0, "_wandb": {"runtime": 10}}