{"batch loss": NaN, "_timestamp": 1707338106.438149, "_runtime": 10.40194296836853, "_step": 14, "loss": NaN, "epoch": 0, "_wandb": {"runtime": 9}}