{"batch loss": NaN, "_timestamp": 1707340253.2442093, "_runtime": 329.1745991706848, "_step": 599, "loss": NaN, "epoch": 49, "_wandb": {"runtime": 328}}