{"batch loss": NaN, "_timestamp": 1707416044.7304537, "_runtime": 219.8704206943512, "_step": 3279, "loss": NaN, "epoch": 4}