{"batch loss": NaN, "_timestamp": 1707338064.3125339, "_runtime": 10.944154739379883, "_step": 34, "loss": NaN, "epoch": 0, "_wandb": {"runtime": 10}}