{"batch loss": NaN, "_timestamp": 1707338140.1271322, "_runtime": 10.728063106536865, "_step": 13, "loss": NaN, "epoch": 0, "_wandb": {"runtime": 10}}