{"batch loss": NaN, "_timestamp": 1707342056.4705062, "_runtime": 351.57574129104614, "_step": 949, "loss": NaN, "epoch": 49, "_wandb": {"runtime": 351}}