{"batch loss": NaN, "_timestamp": 1707418091.099067, "_runtime": 198.1067190170288, "_step": 390, "loss": NaN, "epoch": 4}