{"batch loss": NaN, "_timestamp": 1707340615.2338529, "_runtime": 354.98280596733093, "_step": 2399, "loss": NaN, "epoch": 49, "_wandb": {"runtime": 354}}