{"batch loss": NaN, "_timestamp": 1707417064.4270272, "_runtime": 131.26189827919006, "_step": 141, "loss": NaN, "epoch": 2}