{"batch loss": NaN, "_timestamp": 1707341689.097596, "_runtime": 334.3127329349518, "_step": 499, "loss": NaN, "epoch": 49, "_wandb": {"runtime": 333}}