{"batch loss": NaN, "_timestamp": 1707398319.791202, "_runtime": 357.7419111728668, "_step": 2399, "loss": NaN, "epoch": 49, "_wandb": {"runtime": 86}}