{"batch loss": NaN, "_timestamp": 1707338123.2803445, "_runtime": 10.571169376373291, "_step": 8, "loss": NaN, "epoch": 0, "_wandb": {"runtime": 10}}