{"batch loss": NaN, "_timestamp": 1707341348.847847, "_runtime": 361.26659393310547, "_step": 2999, "loss": NaN, "epoch": 49, "_wandb": {"runtime": 360}}