{"batch loss": NaN, "_timestamp": 1707409511.5757406, "_runtime": 350.93049359321594, "_step": 449, "loss": NaN, "epoch": 49, "_wandb": {"runtime": 63}}