{"batch loss": NaN, "_timestamp": 1707416624.790848, "_runtime": 114.84935212135315, "_step": 1111, "loss": NaN, "epoch": 1}