{"batch loss": NaN, "_timestamp": 1707338156.8705544, "_runtime": 10.635814428329468, "_step": 26, "loss": NaN, "epoch": 0, "_wandb": {"runtime": 10}}