{"batch loss": NaN, "_timestamp": 1707342411.532429, "_runtime": 347.7908329963684, "_step": 1499, "loss": NaN, "epoch": 49, "_wandb": {"runtime": 347}}