{"batch loss": NaN, "_timestamp": 1707338080.7587998, "_runtime": 10.434353828430176, "_step": 9, "loss": NaN, "epoch": 0, "_wandb": {"runtime": 9}}